ASN,Organization
559,SWITCH
834,IPXO LLC
906,DMIT Cloud Infrastructure
917,Misaka.io
965,Webhosting Holdings LLC
984,OWS
1002,Bytefilter LLC
1101,Not SURF Net
1836,green.ch AG
2500,WIDE Project
3223,VOXILITY
3236,SERVER.UA
5626,ONITELECOM - INFOCOMUNICACOES S.A.
6698,Virtual Systems AS6698
6724,STRATO AG
6939,Hurricane Electric
7040,Netminders Server Hosting
7203,LeaseWeb USA  / SFO-12
7489,HostUS
7506,GMO Internet Inc.
7628,CorpCloud
7979,SERVERS.COM
8075,Microsoft
8100,QuadraNet
8283,Netwerkvereniging ColoClue
8369,Intersvyaz
8477,Echostar Studio Sp. z o.o.
8560,IONOS SE
8646,cloudinfrastack
8972,Host Europe GmbH
9009,M247
9028,OHOST
9063,VSE NET GmbH
9115,Hostopia a HostPapa Inc. company [Europe]
9123,JSC TimeWeb
9186,OniTelecom
9294,GNET INC.
9318,SK Broadband
9335,NT(CAT) Data Center
9381,HKBNES
9430,Software Technology Parks of IndiaBlock-IV
9465,AGOTOZ PTE. LTD.
9583,Sify Technologies Limited
9678,HostingInside LTD
9952,Hostway IDC
10439,CARI.net - Fiber Alley Data Centers
11179,Aryaka Networks
11320,LightEdge Solutions
11426,Charter Communications Inc
11878,TZULO
11989,HostPapa
12389,Rostelecom
12417,Plus Hosting Grupa d.o.o.
12462,Evolutio Cloud Enabler S.A. Unipersonal
12488,Krystal Hosting
12552,GlobalConnect AS12552
12555,IMAQLIQ
12586,GHOSTnet
12601,Cegedim.Cloud SASU
12637,Seeweb
12695,CJSC Digital Network
12722,RECONN
12824,home.pl S.A.
12876,Scaleway
13030,Init7
13188,Triolan ISP
13213,UK2Group
13335,Cloudflare
13645,365 Data Centers (Host.net)
13737,INCX Global LLC
13768,Aptum Technologies
14061,DigitalOcean
14315,1GServers
14576,King Servers
14586,Nuclearfallout Enterprises ASN 14586
14618,Amazon AES
14670,hosting.com USE1
14956,RouterHosting LLC
14987,Rethem Hosting LLC
15169,Google LLC
15440,Baltnetos Komunikacijos Customers
15589,Retelit S.p.A. (formerly Clouditalia)
15703,TrueServer
15830,Equinix as15830
16003,Fornex Hosting - Netherlands
16125,Cherry Servers
16210,WIIT AS16210
16276,OVHcloud
16417,HPS // Cisco Cloud Email Security (CES) / IronPort
16509,Amazon.com
17426,Primenet Global Ltd
17561,LARUS Limited
17621,China Unicom Shanghai Network
17762,Tata Teleservices (Maharastra)
18229,CtrlS Datacenters
18345,Servers Australia Customers
18501,CyberCloud Professionals LLC
18779,Energy Group Networks
19148,LiveWorld Inc
19186,GMCHOSTING
19318,InterServer
19437,SECURED SERVERS LLC
19527,Google LLC AS19527
19853,OrangeHost
19871,Network Solutions LLC
19905,UltraDDoS Protect
19969,Joe's Datacenter
19994,Rackspace Hosting
20068,Hawk Host
20454,SECURED SERVERS LLC
20473,The Constant Company
20598,Cyber Space
20738,GD-EMEA-DC-LD5
20773,Host Europe GmbH
20857,TransIP BV
20860,iomart
20988,MTF-CLOUD
21069,METANET AG
21130,IOMART CLOUD SERVICES LIMITED
21367,Wiland
21472,ServerHouse Ltd.
21499,Host Europe GmbH
21501,Host Europe GmbH
21859,Zenlayer Inc
22295,Advin Servers AS22295
22363,Powerhouse Management Inc.
22439,Perfect International Inc
22552,eSited Solutions
22611,InMotion Hosting
22612,Namecheap
22772,Login
23033,Wowrack.com
23352,Deft.com
23470,ReliableSite.Net
23576,NAVER
24429,Alibaba Cloud CDN
24586,Intermax Cloudsourcing B.V.
24785,Joint Transit
24866,Cloud Megafon
24940,Hetzner Online
24958,The Bunker
24961,WIIT Group
25108,iomart - Asia/Middle East
25184,Afranet
25198,ZetServers
25211,'Euro Crypt' EOOD
25369,Hydra Communications Ltd (EU)
25532,Masterhost
25577,CloudCoCo Connect
25697,UpCloud USA
25780,HugeServer Networks LLC
26277,ServerPoint.com
26347,DreamHost
26356,CRUSOE ENERGY SYSTEMS LLC
26496,GoDaddy
26548,Purevoltage Hosting
26863,Gameserverkings
27176,DataWagon
27357,Rackspace Hosting
27411,Leaseweb USA Inc.
27589,MojoHost
27640,GIGAS HOSTING USA LLC
27823,Dattatec.com
28099,iHosting Servicios Internet
28299,Kinghost Hospedagem de Sites
28666,Hostlocation LTDA
28753,LeaseWeb Germany / FRA-01
29066,velia.net
29075,IELO
29097,Hostpoint
29262,iDealHosting LTD
29278,Rackhost
29302,Hosting Services Inc
29534,Fiberax Networking & Cloud AS29534
29535,Orange Polska - Internet Optimum and TPIX Route Servers
29691,Nine Internet Solutions AG
29802,Hivelocity LLC
30058,FDCServers.Net
30447,Hostopia a HostPapa Inc. company [USA]
30456,Cosmic Global
30633,LeaseWeb USA / WDC-01
30823,aurologic GmbH
30860,Virtual Systems AS30860
30893,no ack hosting network
30997,GIXA Route Servers
31034,Aruba
31103,Keyweb
31472,VoiceHost
31581,National Infocommunications Service Company Limited by Shares
31673,Uniserver Internet BV
31798,DataCity
31898,Oracle Cloud Infrastructure
32097,Wholesale Internet Inc.
32475,SingleHop LLC
32613,iWeb Technologies
32748,Steadfast Networks
32751,Nuclearfallout Enterprises Inc.
32780,Hosting Services Inc
33028,VEXXHOST Inc.
33182,HostDime.com Inc
33335,Heaviside Hosting LLC
33724,Biznesshosting Inc DBA VOLICO
33970,Open Hosting
34011,Host Europe GmbH
34081,Server24
34534,Harmony Hosting
34606,BBBell
34665,PIN Datacenter
34762,Combell
34788,Neue Medien Muennich
34959,ProCloud
34989,ServeTheWorld AS
35042,Layer7 Networks GmbH
35048,Biterika Group LLC
35278,SPRINTHOST.RU LLC
35369,LINZ AG TELEKOM
35487,Misaka Network Inc. (EMEA)
35506,INFORMATION SOCIETY S.A.
35540,OVH Telecom
35575,Vaioni
35729,Viacloud Telecom
35830,Fast Servers (Pty) Ltd
36114,VegasNAP LLC
36183,Akamai Technologies Inc.
36231,Tempest Hosting LLC
36321,Castle Global Inc.
36352,ColoCrossing
36454,hosting.com USC1
36666,GloboTech Communications
36680,Netiface LLC
37100,SEACOM
37273,Bandwidth and Cloud Services Group
37352,CloudAfrica Hosting (PTY) LTD
37611,Afrihost
37647,Blue Cloud Networks Limited
37671,3S INF
37738,HOSTOWEB
37907,DigiRock Inc.
37963,Alibaba (China)
38060,BIX Indonesia Route Servers
38283,CHINANET SiChuan Telecom Internet Data Center
38365,Baidu Netcom Science and Technology Co. Ltd.
38513,Cloudeka
38719,Dreamscape Networks
38955,World4You Internet Services GmbH
38983,Copaco Cloud
39122,Blacknight Internet Solutions
39326,Syntura Group Limited
39345,BTS TELECOM & Hosting SRL
39364,
39486,HostRoyale Technologies Pvt Ltd
39519,WIIT AG - Enterprise & Dialup
39572,ADVANCED HOSTING
39615,Mevershosting.nl
39647,Redhosting
39704,CJ2 Hosting
39798,MivoCloud
39832,Opera Software AS
39845,2 Cloud Ltd.
39931,IPTelecom
40021,Nubes
40065,CNSERVERS
40092,HostPapa
40138,MDNET
40281,QWK.net Hosting L.L.C.
40676,Psychz Networks
40861,Paradise Networks
41012,The Cloud Networks
41281,KeFF Networks
41436,Kamatera EU
41562,Host4all Sarl
41564,Packet Exchange AS41564
41608,NextGenWebs S.L.
41634,svea.net
41635,LIVEHOSTING DATACENTER SRL
41828,Telemach Slovenija d.o.o.
41993,Cloud Center Finland Oy
42390,The Cloud Networks Germany
42473,Anexia
42567,MojoHost B.V.
42612,Dinahosting SL
42624,Global-Data System IT Corporation
42675,Obehosting
42708,Portlane
42831,UK Dedicated Servers
43037,Seznam.cz a.s.
43268,SNS-IX Route Servers
43289,Trabia
43350,NFOrce Internet Services :: 43350
43366,OSSO
43444,Fast Servers (Pty) Ltd
43541,VSHosting s.r.o.
43641,SOLLUTIUM EU Sp z.o.o.
43800,Ganesh Hosting SARL
43896,EVO CLOUD
44051,Fornex Hosting - Germany
44066,firstcolo
44094,Webhost LLC
44144,HostRoyale Technologies Pvt Ltd
44222,CLOUDITY Network
44382,FibaCloud
44444,Forcepoint Cloud
44477,THE Hosting
44559,IT HOSTLINE LTD
44716,d-hosting
44788,Criteo Europe
44812,IP SERVER LLC
44901,BelCloud Ltd.
45090,Tencent-CN
45102,Alibaba
45352,IP ServerOne Solutions
45671,Servers Australia AS45671
45753,Simcentric Solutions Limited
45903,CMC Telecom
45974,NHN Cloud
46015,Exabytes Network Malaysia
46261,QuickPacket
46475,Limestone Networks
46516,HostRoyale LLC
46562,Performive
46573,LayerHost
46606,Endurance International Group Inc
46652,ServerStack
46844,Sharktech
46918,GLOBALHOSTINGSOLUTIONS INC
47105,Vault Dweller OU
47172,Greenhost
47242,Host.it S.p.A.
47263,CUBEHOSTING1
47272,HYEHOST
47376,WGB-LLC
47381,Servergarden
47516,Nazim Dogukan Erdic trading as De-Host Bilisim ve Yazilim Hizmetleri
47521,IpHost P.C.
47544,IQ PL
47583,Hostinger International
47585,Yigit Hosting Bilisim E-Ticaret Gida Sanayi Ticaret Limited Sirketi
47815,Server-Ware GmbH
47890,UNMANAGED LTD
48014,Albanian Hosting SH.P.K.
48031,XServer !
48090,
48096,Enterprise Cloud Ltd.
48282,Hosting technology LTD
48693,Rices Privately owned enterprise
48721,Flyservers S.A.
48753,AVA HOST SRL
48874,HOSTMAZE
48894,
48896,dhosting.pl Sp. z o.o.
49434,FBW Networks
49453,Global Layer BV
49493,GIGAS HOSTING S.A.
49505,Selectel Ltd.
49515,Nordiska Servercentralen
49532,Eonix E.U. Region
49544,i3D.net
49581,Tube-Hosting
49635,CLOUDING
49720,Gigacloud
49791,3HCLOUD
49815,Host2 LTD
49870,Alsycon AS49870
50131,Spartan Host Ltd
50166,RTCloud LLC
50245,Serverel Inc.
50321,BYTES
50338,GamerHost s.r.o.
50340,Selectel MSK
50463,Triple C Cloud Computing
50599,DATASPACE-PL
50613,Advania Hosting
50673,Serverius
50719,XINON
50837,CloudSigma
50867,HOSTKEY
50926,Axarnet Comunicaciones S.L.
51013,Websupport
51026,MobinhostInfrastructure
51115,HLL LLC
51159,Think Systems UK Ltd
51167,Contabo
51248,Host-Telecom.com
51264,eVPS
51265,Mass Response / spusu
51290,HosTeam
51395,SOFTplus Entwicklungen
51396,Pfcloud UG
51430,AltusHost
51468,One.com
51713,hosting.com LON1
51765,CreaNova Datacenter
51783,The Center of Dedicated Servers LLC
51852,Phase Layer Global Networks
52000,MIRhosting
52030,Server Plan
52048,SIA RixHost
52053,REDHEBERG SAS
52236,G2K Hosting - Datacenter
52284,Panamaserver.com
52335,Colombia Hosting
53055,DIMENOC SERVICOS DE INFORMATICA
53057,RedeHost Internet
53231,Grupo Host LTDA
53356,Free Range Cloud Hosting Inc
53589,PlanetHoster
53667,FranTech Solutions
53850,GorillaServers
54113,Fastly Inc.
54142,White Cloud Communications US LLC
54290,Hostwinds
54538,PAN0001
54555,Host Duplex LLC
54641,InMotion Hosting (IAD)
54994,meteversecloud
55154,Madgenius.com
55195,CIRA-CLOUD1
55286,ServerMania Inc
55293,A2 Hosting Inc.
55688,Beon Intermedia
55933,Cloudie
55960,BJ-GUANGHUAN-AP
55990,Huawei Cloud(China)
56005,Zhengzhou Fastidc Technology Co.Ltd.
56067,Metrabyte DataCenter Co.Ltd
56150,Viet Solutions Services Trading Company Limited
56153,Digital Storage Company
56309,ReadyIDC
56322,ServerAstra
56410,Host Ireland
56485,TheHost
56655,Gigahost AS
56971,CloudBackbone
56987,Abaclouda
57025,MonoCloud Pty Ltd
57043,HOSTKEY B.V.
57494,Adman.com
57578,Misaka Network Inc. (CIS)
57624,Beeks NY
57752,NORMHOST
57844,SPDNet Telekomunikasyon
57858,Angelnet Limited
58065,Packet Exchange
58087,Florian Kolb
58461,CT-HangZhou-IDC
58466,CHINANET Guangdong province network
58477,Argon Data Communication
58519,Cloud Computing Corporation
58542,Tianjij300000
58589,Cloud Earth
58593,Shanghai Blue Cloud Technology Co.Ltd
58854,Kaopu Cloud
58923,InterCloud BD
58940,Dedicated Servers Australia
59019,Beijing Kingsoft Cloud Internet Technology
59187,NEEVCLOUD.COM
59211,OneAsiaHost
59253,Leaseweb Singapore
59441,Hostiran DC Network
59642,Cherry Servers NL
59684,Hoster kg Ltd.
59711,HZ-NL
60068,CDN77
60117,Host Sailor Ltd
60223,Netiface
60253,Host Europe GmbH
60404,LiteServer
60439,SERVERNET INTERNET LIMITED
60567,SIA RixHost
60721,Bursabil Teknoloji
60729,Zwiebelfreunde
60781,LeaseWeb Netherlands / AMS-01
60798,Servereasy Srl
61098,Akenes
61102,Interhost Networks
61112,AKILE
61138,Zappie Host
61157,Plusserver GmbH
61207,Hostek AB
61272,Informacines sistemos ir technologijos UAB
61317,Hivelocity Inc. fka Digital Energy Technologies Limited (Global)
61424,eServer s.r.o.
62000,SERVERD
62005,BlueVPS
62082,Hostland LTD
62097,Broadband Hosting B.V.
62160,YESHOST-AS
62164,Heymman Servers
62227,CLOUDHELIX
62240,Clouvider
62371,Proton AG
62390,NEXONHOST
62560,Hosted America
62563,GTHost Canada
62633,HostRush
62713,PubMatic
62744,Quintex Alliance Consulting
62838,Reprise Hosting
62904,Eonix N.A. Region
63023,GTHost US and EU
63150,BAGE
63199,CDS Global Cloud Co. LTD
63473,HostHatch
63737,VIETSERVER SERVICES TECHNOLOGY COMPANY LIMITED
63765,HOSTVN-VN
63949,Linode AS63949
64123,GRUPO IN S.A.S
64200,Vivid-Hosting LLC
64236,UnReal Servers
64425,SKB-Enterprise
64457,Matteo Fruhwald trading as PipeHost e.U.
131149,Yuan-Jhen Info
131199,Nexeon Technologies Inc.
131353,NhanHoa Software company
131378,Cloud Viet Technology Company Limited
131628,Tai-Fu Cloud Co. Ltd.
131642,Pittqiao Network Information Co.
131921,GMO CLOUD
131965,XSERVER
132203,Tencent Global
132280,SYMPHONY THAI - Internet Services
132300,NIPA Cloud Space
132717,NxtGen Datacenter & Cloud Technologies Pvt. Ltd.
132839,POWER LINE DATACENTER
133070,EBN HOST LIMITED
133118,China Unicom IP network
133180,Starbow Ltd.
133199,SonderCloud Limited
133380,Layerstack
133398,Tele Asia
133499,HostRoyale Technologies Pvt Ltd
133643,BASIS Technologies
133744,Better Cloud Limited
133752,Leaseweb Hong Kong
133774,Fuzhou
134094,Serverfield
134340,Cloudsky Superfast Broadband & Services
134351,Leaseweb Japan
134366,Yunify Technologies (HK) Limited
134450,HostRoyale Technologies Pvt Ltd
134768,CHINANET SHAANXI province Cloud Base network
134823,Sky Digital Co.
134926,Micro Hosting Private Limited
134963,Alibaba Cloud (Singapore) Private Limited
135161,GMO Thailand
135207,Cloudnet Communications
135356,CNCARENETWORK
135373,EFLY NETWORK LIMITED
135375,Today Communication
135377,UCloud Information Technology (HK) Limited
135392,MillenialHost Limited
135450,Berkah Solusi Teknologi Informasi
135542,LIGHT CLOUD SDN. BHD.
135566,Thailand Government Data Center and Cloud service (TGDCC)
135629,Ningxia West Cloud Data Technology Co.Ltd.
135682,Advika Web Developments Hosting Pvt Ltd
135822,Ovi Hosting Pvt Ltd
135905,VIETNAM POSTS AND TELECOMMUNICATIONS GROUP
135918,VIET DIGITAL TECHNOLOGY LIABILITY COMPANY
135921,Maxserver Company Limited
135932,Viet Storage Technology Joint Stock Company
136052,IDCloudHost
136170,PT. EXABYTES NETWORK INDONESIA
136171,Medha Hosting
136258,ONEPROVIDER
136510,Streamline Servers Pty Ltd
136557,Host Universal
136787,PacketHub S.A.
136897,Enjoyvc Cloud Group
136907,Huawei Cloud Global
137280,Kingsoft Cloud
137331,Cloud Teknologi Nusantara
137409,Global Secure Layer
137823,Technocore Bangladesh
138152,YISU CLOUD LTD
138195,MOACK
138362,PLEXUS CLOUD
138608,Cloud Host Asia
138915,Kaopu Cloud HK
138997,Eons Data
139016,ExonHost
139136,NNIX Route Servers
139220,Sichuan Chuanxn IDC
139341,ACE CDN
139580,RIMU HOSTING LIMITED
139659,LUCIDACLOUD
139660,OBHost LLC
140227,Hong Kong Communications International Co.
140292,CHINATELECOM Jiangsu province Suzhou 5G network
140389,Dewa Bisnis Digital
140403,PT. Graha Fatta
140443,Herza Cloud
140791,BKHOST TECHNOLOGY VIETNAM JOINT STOCK COMPANY
140815,HTTVSERVER TECHNOLOGY COMPANY LIMITED
141004,QTIME BUSINESSES
141039,PacketHub AS141039
141201,Jabatan Digital Negara (JDN)
141892,SENGKED.COM
141968,Industri Kreatif Digital
141995,Contabo Asia
142002,Scloud Pte Ltd
142036,Hosteons Pte. Ltd.
142299,CLOUDFOREST CO.LTD.
142403,YISU CLOUD LTD
146943,Tier 4 Cloud Services
147049,PacketHub AS147049
147237,CLOUDMINISTER TECHNOLOGIES PRIVATE LIMITED
148981,China Telecom
148993,Diana Host Ltd
149042,SiliCloud
149089,CLOUDFLY CORPORATION
149118,3S Viet Nam Technology Joint Stock Company
149364,PT. AwanBit Data Indonesia
149485,MonoCloud
149573,SERVERWALA CLOUD DATACENTERS PRIVATE LIMITED
149641,XCLOUD TECHNOLOGY LIMITED
149651,Better Cloud Limited
149705,PT Wijaya Trimitra Indonesia
150315,Virtury Cloud Pakistan
150393,LAYER WEBHOST (PVT.) LIMITED
150623,HOSTPAT-AS-IN
150828,VMON CLOUD COMPANY LIMITED
150862,VPSTTT COMPUTER COMPANY LIMITED
150896,HUNGCLOUD COMPANY LIMITED
151487,Awesomecloud Limited
151592,PT Awan Data Teknologi
151612,HOSTPERL
151873,TOTHOST SOLUTIONS AND TECHNOLOGIES COMPANY LIMITED
151938,CLOUDY One Member LLC
152194,CTG Server Limited
152320,Goalnow Network Technology
152390,PT Intercloud Digital Inovasi
152705,Gcc Cloud Technology Limited
152933,ZONECLOUD TECHNOLOGY JOINT STOCK COMPANY
153416,Hoang Dieu Cloud Computing Company Limited
196645,HOSTPRO LAB LLC
197071,active-servers.com
197352,Tinext SA
197414,XHOST INTERNET SOLUTIONS LP
197450,SUNUCUN
197477,Nerdscave Moritz Mantel
197537,WISDOM CLOUD
197540,netcup GmbH
197648,CLOUDLAYER8 LIMITED
197649,ServersGame
197715,Serverbike
197726,Ukrainian Internet Names Center
197902,Hostnet
197922,Techcrea Solutions
198089,IP Visie Networking
198093,DFRI
198167,Apptocloud.com
198584,PIO-Hosting GmbH
198605,AVAST Software s.r.o.
198651,HOSTLINE
198831,Holycloud
198953,Proton66 OOO
198968,CYBERNETICOS
198985,Aquilenet
199218,Proton AG
199274,Serveroid LLC
199404,hosting.com BOM1
199414,NeoProtect
199415,YORKHOST
199524,G-Core Labs
199785,Cloud Hosting Solutions
199883,ArubaCloud Limited
200000,Hosting Ukraine
200019,AlexHost
200052,Feral Hosting
200088,ARTNET2
200147,Hosting Techniques
200185,Aruba Cloud DE
200187,cloudKleyer Frankfurt
200195,Verasel Inc.
200223,Lars Jannick Volkers trading as Etheron Hosting
200239,Bogahost Bilisim ve Telekomunikasyon Hiz. San ve Tic. Ltd. Sti.
200350,Yandex Cloud
200373,3xK Tech
200547,MTK S.R.L.
200651,FlokiNET
200698,Globalhost d.o.o.
200719,Miss Hosting AB
200740,FIRST SERVER LIMITED
200904,FOXCLOUD LLP
200979,Hosting eXperts Switzerland AG
201106,Spartan Host
201200,SuperHosting.BG Ltd.
201409,HOSTSHIELD LTD
201446,Soluciones web on line AS201446
201525,HZ-CA
201579,HOSTGNOME LTD
201670,Infotech-Grup SRL
201814,Mevspace
201949,Seed Technologies
201971,CreeperHost
201983,Ansluten Hosting i Sverige
201995,EFX Route Servers
201999,Fanavari Serverpars Argham Gostar Company Ltd.
202015,HZ-US
202053,UpCloud
202293,D-Cloud
202297,SkylonHost
202306,HOSTGLOBAL.PLUS
202422,GHOST !
202425,IP Volume
202448,MVPS
202656,XServer Europe
202661,NetPlans Cloud
202913,CLOUDWIFI SL
202954,Rapiddot
202958,LLP 'Kompaniya Hoster.KZ'
202984,Team Host
203020,HostRoyale
203446,SMARTNET LIMITED
203476,Gandi Hosting and Services
203557,SIA RixHost
203758,EUGameHost
203808,OOO ExCloud
203999,
204104,GITI-AS
204108,S.U.E. DPR Republic Operator of Networks
204287,HostRoyale Technologies Pvt Ltd
204300,D2CLOUD NETWORK SERVICES (PTY) LTD
204641,HOSTGW SRL
204770,Cherry Servers US
204800,hosting.com SGP1
204818,HOSTEUR
204914,LABIXE
204997,FIRST SERVER LIMITED
205016,HERN Labs
205081,EasyDataHost
205090,FIRST SERVER LIMITED
205100,F3 Netze
205399,Hostigger INC.
205544,LeaseWeb UK / LON-01
205676,Data Center Experts
205876,Hoasted
206092,Internet Utilities Europe and Asia Limited
206216,Advin Servers
206264,Amarutu Technology Ltd.
206275,FLAMINGHOST
206281,Vimexx
206286,ONEOF1SERVERS
206446,CLOUD LEASE
206728,Media Land LLC
206804,EstNOC
206934,Beeks UK
207083,HostSlim
207137,PacketHub AS207137
207143,hosttech GmbH
207252,Realtox Media
207279,MARKAHOST-TELEKOMUNIKASYON-LIMITED-SIRKETI
207326,HostLAB
207333,LLP 'Kompaniya Hoster.KZ'
207560,Zubritska Valeriia Nikolaevna
207569,I-SERVERS LTD
207590,LocLix
207728,EUROHOSTER Ltd.
207758,Hosteur SA
207957,SERV.HOST GROUP LTD
207990,HostRoyale Technologies Pvt Ltd
208152,CLNW
208208,CYBERSE
208258,Access2.IT Group B.V. (Hostio)
208287,DC Host
208323,Foundation for Applied Privacy
208450,MEGAHOST_KZ
208677,'Cloud Technologies' LLC trading as Cloud.ru
208795,'Cloud Services Kazakhstan' LLP
208800,G42 Cloud Technology
208843,Alpha Strike Labs GmbH
209045,Genesis Cloud
209103,Proton
209132,Alviva Holding Limited
209242,Cloudflare London
209243,QuickHostUK
209341,hosting.com FRA1
209605,UAB Host Baltic
209723,EXPERT NETCLOUD LLP
210250,WPX
210329,Kamatera INC UK
210488,Hyocloud Limited
210538,
210558,1337 Services GmbH
210574,Poyraz Hosting
210579,Rackhost Informatikai
210630,Internet Speech & Privacy LLC
210644,Aéza
210767,Link Host Ltd.
210848,Telkom Internet LTD
211138,PRIVATEHOSTING-NET
211298,Driftnet Ltd
211301,Unesty
211360,HatHost
211607,Securitytrails LLC
211748,ServerFIX B.V.
211804,Ozan Yildiz trading as Sistemdc webhosting and server services
211857,NSHOST SRL
211895,Serverius Holding B.V.
212027,PebbleHost
212219,Hosting Dunyam
212238,Datacamp Limited
212271,C1V hosting
212317,Hetzner Online Cloud 3
212396,FyfeWeb Hosting
212441,Cloud assets LLC
212477,RoyaleHosting
212508,Lowhosting Services
212531,Interneto vizija
212853,MB Redfox Cloud
213035,Serverion
213122,Hyonix (Legacy)
213200,Ferdinand Zink trading as Tube-Hosting
213220,Delta Ltd
213230,Hetzner Online Cloud 2
213282,ADAHOST
213291,NebiusCloud
213314,WallCloud GmbH
213354,INTERNATIONAL HOSTING SOLUTIONS LLP
213633,Hosting Minecraft
213683,Host.AL
213693,IDPerformance idhosting
213780,Individual Entrepreneur Suvorov Maxim Sergeevich
213807,TehranServer
213877,u1host-as
213896,Cherry Servers DE
213941,NVHCloud
214036,Ultahost Inc.
214062,ITITAN HOSTING SOLUTIONS SRL
214079,LENDNODES
214138,Host Zentrum
214159,Cherry Servers SE
214169,Cloudfire s.r.l.
214209,Internet Magnate (Pty) Ltd
214238,HOST TELECOM LTD
214295,SKYNET NETWORK LTD
214340,24racks Cloud
214382,Hostlayici Internet ve Bilisim Hizmetleri
214417,1Cent Hosting
214438,NexGen Cloud Ltd
214503,R0cket Cloud
214577,
214640,Hostup AB
214668,AXUSHOST
214677,DeluxHost
214717,
214738,WEHOST LLC
214762,MATHOST
214808,DUCKY CLOUD TECHNOLOGIES LIMITED
214918,ESAGAMES HOSTING SHIELD S.R.L.
214927,PSB HOSTING LTD
214940,KPROHOST LLC
214943,Railnet LLC
214961,Stellar Group SAS
215026,EvosHosting by Len Service SRL
215052,Din Server Group ApS
215096,MADHOST-AS
215117,HosterDaddy Private Limited
215144,HWHOST NETWORK
215184,MoeChuang Network-215184
215208,
215224,NovoServe B.V.
215269,LAZYCLOUD
215292,Gravhosting LLC
215311,REGXA-CLOUD
215346,Big Data Host LLC
215376,ML Cloud Ltd
215381,ROCKHOSTER PRIVATE LIMITED
215413,PebbleHost Protected
215439,PLAY2GO-NET
215462,BUGGZ HOSTING
215476,Inside Network LTD
215540,GLOBAL CONNECTIVITY SOLUTIONS LLP
215659,Kyun
215672,MoeChuang Network
215691,HOSTEALO
215703,FREAKHOSTING
215826,Partner Hosting LTD
215859,Hetzner Online Cloud 4
215904,HostingBazis
215925,VPSVAULT.HOST LTD
216030,GoodLeaf Hosting & Development LLC
216071,VDSINA
216127,NUXTCLOUD
216139,Iron Hosting Centre LTD
216154,CLODO CLOUD SERVICE CO. L.L.C
216180,hosting.com SYD1
216221,XeniaHosting
216246,Aéza (RU)
216334,New Hosting Technologies LLC
216395,hostbet
216444,Cherry Servers SG
262448,DIALHOST INTERNET
262688,HOST TECNOLOGIA
262790,Central Server Informática Ltda
262954,VirtuaServer Informatica
263237,PowerHost Chile
263511,SaveinCloud
263735,SOCIEDAD BUENA HOSTING S.A.
264649,NUT HOST SRL
265645,HOSTINGFOREX S.A.
265919,BB Host Datacenter
266855,ECOHOSTING INTERNET
266878,BESTHOST
266886,HOSTING EN LA WEB
267784,Flyservers S.A.
268581,QNAX Data Center
269070,Hostzone Tecnologia LTDA
269353,VOLAREHOST INTERNET LTDA ME
270353,Tyna Host - Datacenter no Brasil
270824,ENX Services
272119,GTITHOST C.A
272786,x99.cloud AS272786
272996,SINCERE NETWORKS B.V.
327980,FASTHOSTING (PTY) LTD
328037,Optify Systems
328329,CLOUD-ARPCE
328364,Host Africa
328426,Zonke Wifi
328853,OXAHOST
329184,Host Africa DPA
329270,EGATE CLOUD SERVICES LDA
329278,Truehost Cloud Limited
329403,Vhost Limited
393336,Catalyst Host LLC
393960,HOST4GEEKS-LLC
394177,Shift Hosting
394303,BIGSCOOTS
394353,USC/ISI B-ROOT
394380,LeaseWeb USA / DAL-10
395092,Shock Hosting
395111,KVCHOSTING.COM LLC
395723,LightSpeed Hosting
395839,HOSTKEY-USA
395954,Leaseweb USA Inc.
396073,Spin Servers
396190,Leaseweb USA Inc.
396319,CloudVPN Inc.
396356,Latitude.sh AS396356
396507,Emerald Onion
396949,Kamatera Inc.
396982,Google Cloud
396986,ByteDance
397032,Sparked Host LLC
397086,LayerHost
397423,Tier.Net Technologies LLC
398090,Lambda Cloud
398101,GoDaddy.com LLC
398324,Censys
398395,LevelOneServers
398705,Censys Inc.
398722,Censys Inc.
398779,Ace Host LLC
399077,Tcloudnet
399244,AME Hosting LLC
399471,AS-SERVERION
399804,HOSTODO
399820,Atomic Networks LLC
399979,49.3 Networking LLC
400175,Microtronix ESolutions LLC
400587,Ryamer
400596,ELIXIOR-CLOUD
400618,PSC
400619,AROSS-AS
400810,BREEZETECH
400897,PETROSKY CLOUD LLC
400899,Cyclone Servers
401116,
401120,
401172,Inspici LLC